n,F(n),T1: Time spent on recursive algorithm (Seconds),T2: Time spent on dynamic algorithm (Seconds),Value of (2^n)/n,Value of T1/T2 (Seconds)
10,        55,        0.0000072000,        0.0000183000,         1.02400e+02,         3.93443e-01
12,       144,        0.0000149000,        0.0000355000,         3.41333e+02,         4.19718e-01
15,       610,        0.0000621000,        0.0001408000,         2.18453e+03,         4.41051e-01
20,      6765,        0.0006843000,        0.0016754000,         5.24288e+04,         4.08440e-01
23,     28657,        0.0030111000,        0.0067112000,         3.64722e+05,         4.48668e-01
25,     75025,        0.0074509000,        0.0178834000,         1.34218e+06,         4.16638e-01
30,    832040,        0.0854390000,        0.2077565000,         3.57914e+07,         4.11246e-01
