n,F(n),T1: Time spent on recursive algorithm (Seconds),T2: Time spent on dynamic algorithm (Seconds),Value of (2^n)/n,Value of T1/T2 (Seconds)
    10,        55,             0.0000071000,             0.0000184000,         1.02400e+02,         3.85870e-01
    12,       144,             0.0000148000,             0.0000347000,         3.41333e+02,         4.26513e-01
    15,       610,             0.0000653000,             0.0001440000,         2.18453e+03,         4.53472e-01
    20,      6765,             0.0007025000,             0.0015919000,         5.24288e+04,         4.41297e-01
    23,     28657,             0.0030984000,             0.0071220000,         3.64722e+05,         4.35046e-01
    25,     75025,             0.0080072000,             0.0190251000,         1.34218e+06,         4.20876e-01
    30,    832040,             0.0826829000,             0.2024569000,         3.57914e+07,         4.08398e-01
