n,F(n),T1: Time spent on recursive algorithm,T2: Time spent on dynamic algorithm,Value of (2n)/n,Value of T1/T2
18,2584,0.0009970665,0.0020000935,7710.1176470588,0.7830673014
21,10946,0.0063197613,0.0100910664,52428.8000000000,0.5171815177
