n,F(n),T1: Time spent on recursive algorithm,T2: Time spent on dynamic algorithm,Value of (2^n)/n,Value of T1/T2
10,55,0.0001161000,0.0001755001,1.0240000000e+02,6.6153798190e-01
12,144,0.0001407000,0.0002132000,3.4133333333e+02,6.5994384544e-01
15,610,0.0005985000,0.0008924999,2.1845333333e+03,6.7058830895e-01
20,6765,0.0068379000,0.0106689000,5.2428800000e+04,6.4091893654e-01
23,28657,0.0285029000,0.1016804001,3.6472208696e+05,2.8031852760e-01
25,75025,0.0751068000,0.1146347000,1.3421772800e+06,6.5518381389e-01
30,832040,0.9496228000,1.3342812001,3.5791394133e+07,7.1171114450e-01
