Input Size , Value of n *log(n) , Time Spent (Milliseconds) , Value of n * log(n) / Time 
0,0,2.6226043701171875e-06,0.000000e+00
1000,6907.755278982137,0.0030226707458496094,2.285315e+06
2000,15201.804919084165,0.007149457931518555,2.126288e+06
3000,24019.10270295074,0.009887218475341797,2.429308e+06
4000,33176.19856040811,0.013601541519165039,2.439150e+06
5000,42585.96595708119,0.01659393310546875,2.566358e+06
6000,52197.08848926115,0.012347698211669922,4.227273e+06
7000,61975.657996262154,0.02274608612060547,2.724673e+06
8000,71897.57456529578,0.019052505493164062,3.773655e+06
