Input Size,Value of n * log(n),Time Spent (Milliseconds),Value of n * log(n) / Time
1000      ,6907.755279         ,0.001276            ,5.415556e+06        
2000      ,15201.804919        ,0.003172            ,4.791898e+06        
3000      ,24019.102703        ,0.004995            ,4.808296e+06        
4000      ,33176.198560        ,0.006484            ,5.116412e+06        
5000      ,42585.965957        ,0.008355            ,5.097123e+06        
6000      ,52197.088489        ,0.011022            ,4.735782e+06        
7000      ,61975.657996        ,0.012277            ,5.048255e+06        
8000      ,71897.574565        ,0.013550            ,5.306264e+06        
9000      ,81944.818707        ,0.016811            ,4.874369e+06        
